<?xml version="1.0" encoding="utf-8" standalone="no"?>
<mets ID="DSpace_ITEM_123456789-32" OBJID="hdl:123456789/32" TYPE="DSpace ITEM" PROFILE="http://www.dspace.org/schema/aip/mets_aip_1_0.xsd" xmlns="http://www.loc.gov/METS/" xmlns:xlink="http://www.w3.org/1999/xlink" xmlns:xsi="http://www.w3.org/2001/XMLSchema-instance" xsi:schemaLocation="http://www.loc.gov/METS/ http://www.loc.gov/standards/mets/mets.xsd">
 <metsHdr LASTMODDATE="2019-05-11T03:22:20">
  <agent ROLE="CUSTODIAN" TYPE="OTHER" OTHERTYPE="DSpace Archive">
   <name>123456789/0</name>
  </agent>
  <agent ROLE="CREATOR" TYPE="OTHER" OTHERTYPE="DSpace Software">
   <name>DSpace 6.4-SNAPSHOT</name>
  </agent>
 </metsHdr>
 <dmdSec ID="dmdSec_1">
  <mdWrap MDTYPE="MODS">
   <xmlData xmlns:mods="http://www.loc.gov/mods/v3" xmlns:xlink="http://www.w3.org/1999/xlink" xsi:schemaLocation="http://www.loc.gov/mods/v3 http://www.loc.gov/standards/mods/v3/mods-3-1.xsd"><mods:mods xmlns:mods="http://www.loc.gov/mods/v3" xmlns:xsi="http://www.w3.org/2001/XMLSchema-instance" xsi:schemaLocation="http://www.loc.gov/mods/v3 http://www.loc.gov/standards/mods/v3/mods-3-1.xsd">
  <mods:name>
    <mods:role>
      <mods:roleTerm type="text">author</mods:roleTerm>
    </mods:role>
    <mods:namePart>Lovecraft, Howard Phillips</mods:namePart>
  </mods:name>
  <mods:extension>
    <mods:dateAccessioned encoding="iso8601">2019-05-10T19:17:48Z</mods:dateAccessioned>
  </mods:extension>
  <mods:extension>
    <mods:dateAvailable encoding="iso8601">2019-05-10T19:17:48Z</mods:dateAvailable>
  </mods:extension>
  <mods:originInfo>
    <mods:dateIssued encoding="iso8601">1921</mods:dateIssued>
  </mods:originInfo>
  <mods:identifier type="uri">http://localhost:8080/xmlui/handle/123456789/32</mods:identifier>
  <mods:note xmlns:xlink="http://www.w3.org/1999/xlink" xlink:simpleLink="http://www.hplovecraft.com/writings/texts/fiction/nc.aspx">http://www.hplovecraft.com/writings/texts/fiction/nc.aspx</mods:note>
  <mods:language>
    <mods:languageTerm authority="rfc3066">Português</mods:languageTerm>
  </mods:language>
  <mods:subject>
    <mods:topic>Cidade Sem Nome</mods:topic>
  </mods:subject>
  <mods:subject>
    <mods:topic>A Maldição de Sarnath</mods:topic>
  </mods:subject>
  <mods:subject>
    <mods:topic>Arábia</mods:topic>
  </mods:subject>
  <mods:subject>
    <mods:topic>Abdul Alhazred</mods:topic>
  </mods:subject>
  <mods:subject>
    <mods:topic>Sarnath</mods:topic>
  </mods:subject>
  <mods:subject>
    <mods:topic>Arqueologia</mods:topic>
  </mods:subject>
  <mods:subject>
    <mods:topic>Irem</mods:topic>
  </mods:subject>
  <mods:subject>
    <mods:topic>Dream Cycle</mods:topic>
  </mods:subject>
  <mods:subject>
    <mods:topic>Cthulhu Mythos</mods:topic>
  </mods:subject>
  <mods:subject>
    <mods:topic>Ib</mods:topic>
  </mods:subject>
  <mods:titleInfo>
    <mods:title>A Cidade Sem Nome</mods:title>
  </mods:titleInfo>
  <mods:titleInfo type="alternative">
    <mods:title>The Nameless City</mods:title>
  </mods:titleInfo>
  <mods:genre>Conto</mods:genre>
</mods:mods></xmlData>
  </mdWrap>
 </dmdSec>
 <dmdSec ID="dmdSec_2">
  <mdWrap MDTYPE="OTHER" OTHERMDTYPE="DIM">
   <xmlData xmlns:dim="http://www.dspace.org/xmlns/dspace/dim"><dim:dim xmlns:dim="http://www.dspace.org/xmlns/dspace/dim" dspaceType="ITEM">
  <dim:field mdschema="dc" element="contributor" qualifier="author" lang="en_US">Lovecraft, Howard Phillips</dim:field>
  <dim:field mdschema="dc" element="date" qualifier="accessioned" lang="">2019-05-10T19:17:48Z</dim:field>
  <dim:field mdschema="dc" element="date" qualifier="available" lang="">2019-05-10T19:17:48Z</dim:field>
  <dim:field mdschema="dc" element="date" qualifier="issued" lang="">1921</dim:field>
  <dim:field mdschema="dc" element="identifier" qualifier="uri" lang="">http://localhost:8080/xmlui/handle/123456789/32</dim:field>
  <dim:field mdschema="dc" element="description" qualifier="provenance" lang="en">Submitted by Gerusa Fernandes da Costa (jumadacosta2402@gmail.com) on 2019-05-10T19:17:48Z&#xD;
No. of bitstreams: 1&#xD;
A Cidade Sem Nome.pdf: 159089 bytes, checksum: defea4a41ebbc72120f5c13a1dfa9ed2 (MD5)</dim:field>
  <dim:field mdschema="dc" element="description" qualifier="provenance" lang="en">Made available in DSpace on 2019-05-10T19:17:48Z (GMT). No. of bitstreams: 1&#xD;
A Cidade Sem Nome.pdf: 159089 bytes, checksum: defea4a41ebbc72120f5c13a1dfa9ed2 (MD5)&#xD;
  Previous issue date: 1921</dim:field>
  <dim:field mdschema="dc" element="description" qualifier="uri" lang="en_US">http://www.hplovecraft.com/writings/texts/fiction/nc.aspx</dim:field>
  <dim:field mdschema="dc" element="language" qualifier="iso" lang="pt_BR">Português</dim:field>
  <dim:field mdschema="dc" element="subject" lang="pt_BR">Cidade Sem Nome</dim:field>
  <dim:field mdschema="dc" element="subject" lang="pt_BR">A Maldição de Sarnath</dim:field>
  <dim:field mdschema="dc" element="subject" lang="pt_BR">Arábia</dim:field>
  <dim:field mdschema="dc" element="subject" lang="">Abdul Alhazred</dim:field>
  <dim:field mdschema="dc" element="subject" lang="">Sarnath</dim:field>
  <dim:field mdschema="dc" element="subject" lang="pt_BR">Arqueologia</dim:field>
  <dim:field mdschema="dc" element="subject" lang="pt_BR">Irem</dim:field>
  <dim:field mdschema="dc" element="subject" lang="en_US">Dream Cycle</dim:field>
  <dim:field mdschema="dc" element="subject" lang="en_US">Cthulhu Mythos</dim:field>
  <dim:field mdschema="dc" element="subject" lang="">Ib</dim:field>
  <dim:field mdschema="dc" element="title" lang="pt_BR">A Cidade Sem Nome</dim:field>
  <dim:field mdschema="dc" element="title" qualifier="alternative" lang="en_US">The Nameless City</dim:field>
  <dim:field mdschema="dc" element="type" lang="pt_BR">Conto</dim:field>
</dim:dim></xmlData>
  </mdWrap>
 </dmdSec>
 <amdSec ID="amd_3">
  <rightsMD ID="rightsMD_6">
   <mdRef LOCTYPE="URL" xlink:type="simple" xlink:href="bitstream_f8d7ecbc-dfcb-4942-b78a-54ccba9361bd" MDTYPE="OTHER" OTHERMDTYPE="DSpaceDepositLicense" MIMETYPE="text/plain"/>
  </rightsMD>
  <rightsMD ID="rightsMD_9">
   <mdWrap MDTYPE="OTHER" OTHERMDTYPE="METSRIGHTS">
    <xmlData xmlns:rights="http://cosimo.stanford.edu/sdr/metsrights/" xsi:schemaLocation="http://cosimo.stanford.edu/sdr/metsrights/ http://cosimo.stanford.edu/sdr/metsrights.xsd"><rights:RightsDeclarationMD xmlns:rights="http://cosimo.stanford.edu/sdr/metsrights/" RIGHTSCATEGORY="LICENSED">
  <rights:Context in-effect="true" CONTEXTCLASS="GENERAL PUBLIC">
    <rights:Permissions DISCOVER="true" DISPLAY="true" MODIFY="false" DELETE="false" />
  </rights:Context>
</rights:RightsDeclarationMD></xmlData>
   </mdWrap>
  </rightsMD>
  <sourceMD ID="sourceMD_10">
   <mdWrap MDTYPE="OTHER" OTHERMDTYPE="AIP-TECHMD">
    <xmlData xmlns:dim="http://www.dspace.org/xmlns/dspace/dim"><dim:dim xmlns:dim="http://www.dspace.org/xmlns/dspace/dim" dspaceType="ITEM">
  <dim:field mdschema="dc" element="creator">jumadacosta2402@gmail.com</dim:field>
  <dim:field mdschema="dc" element="identifier" qualifier="uri">hdl:123456789/32</dim:field>
  <dim:field mdschema="dc" element="relation" qualifier="isPartOf">hdl:123456789/2</dim:field>
</dim:dim></xmlData>
   </mdWrap>
  </sourceMD>
 </amdSec>
 <amdSec ID="amd_13">
  <rightsMD ID="rightsMD_19">
   <mdWrap MDTYPE="OTHER" OTHERMDTYPE="METSRIGHTS">
    <xmlData xmlns:rights="http://cosimo.stanford.edu/sdr/metsrights/" xsi:schemaLocation="http://cosimo.stanford.edu/sdr/metsrights/ http://cosimo.stanford.edu/sdr/metsrights.xsd"><rights:RightsDeclarationMD xmlns:rights="http://cosimo.stanford.edu/sdr/metsrights/" RIGHTSCATEGORY="LICENSED">
  <rights:Context in-effect="true" CONTEXTCLASS="GENERAL PUBLIC">
    <rights:Permissions DISCOVER="true" DISPLAY="true" MODIFY="false" DELETE="false" />
  </rights:Context>
</rights:RightsDeclarationMD></xmlData>
   </mdWrap>
  </rightsMD>
 </amdSec>
 <amdSec ID="amd_22">
  <techMD ID="techMD_23">
   <mdWrap MDTYPE="PREMIS">
    <xmlData xmlns:premis="http://www.loc.gov/standards/premis" xsi:schemaLocation="http://www.loc.gov/standards/premis http://www.loc.gov/standards/premis/PREMIS-v1-0.xsd"><premis:premis xmlns:premis="http://www.loc.gov/standards/premis">
  <premis:object>
    <premis:objectIdentifier>
      <premis:objectIdentifierType>URL</premis:objectIdentifierType>
      <premis:objectIdentifierValue>http://localhost:8080/xmlui/bitstream/123456789%2F32/1/A+Cidade+Sem+Nome.pdf</premis:objectIdentifierValue>
    </premis:objectIdentifier>
    <premis:objectCategory>File</premis:objectCategory>
    <premis:objectCharacteristics>
      <premis:fixity>
        <premis:messageDigestAlgorithm>MD5</premis:messageDigestAlgorithm>
        <premis:messageDigest>defea4a41ebbc72120f5c13a1dfa9ed2</premis:messageDigest>
      </premis:fixity>
      <premis:size>159089</premis:size>
      <premis:format>
        <premis:formatDesignation>
          <premis:formatName>application/pdf</premis:formatName>
        </premis:formatDesignation>
      </premis:format>
    </premis:objectCharacteristics>
    <premis:originalName>A Cidade Sem Nome.pdf</premis:originalName>
  </premis:object>
</premis:premis></xmlData>
   </mdWrap>
  </techMD>
  <rightsMD ID="rightsMD_28">
   <mdWrap MDTYPE="OTHER" OTHERMDTYPE="METSRIGHTS">
    <xmlData xmlns:rights="http://cosimo.stanford.edu/sdr/metsrights/" xsi:schemaLocation="http://cosimo.stanford.edu/sdr/metsrights/ http://cosimo.stanford.edu/sdr/metsrights.xsd"><rights:RightsDeclarationMD xmlns:rights="http://cosimo.stanford.edu/sdr/metsrights/" RIGHTSCATEGORY="LICENSED">
  <rights:Context in-effect="true" CONTEXTCLASS="GENERAL PUBLIC">
    <rights:Permissions DISCOVER="true" DISPLAY="true" MODIFY="false" DELETE="false" />
  </rights:Context>
</rights:RightsDeclarationMD></xmlData>
   </mdWrap>
  </rightsMD>
  <sourceMD ID="sourceMD_29">
   <mdWrap MDTYPE="OTHER" OTHERMDTYPE="AIP-TECHMD">
    <xmlData xmlns:dim="http://www.dspace.org/xmlns/dspace/dim"><dim:dim xmlns:dim="http://www.dspace.org/xmlns/dspace/dim" dspaceType="BITSTREAM">
  <dim:field mdschema="dc" element="title">A Cidade Sem Nome.pdf</dim:field>
  <dim:field mdschema="dc" element="title" qualifier="alternative">A Cidade Sem Nome.pdf</dim:field>
  <dim:field mdschema="dc" element="description">"Morto não é quem pode eterno se fazer. E com estranhos éons pode a morte morrer."</dim:field>
  <dim:field mdschema="dc" element="format" qualifier="medium">Adobe PDF</dim:field>
  <dim:field mdschema="dc" element="format" qualifier="mimetype">application/pdf</dim:field>
  <dim:field mdschema="dc" element="format" qualifier="supportlevel">KNOWN</dim:field>
  <dim:field mdschema="dc" element="format" qualifier="internal">false</dim:field>
</dim:dim></xmlData>
   </mdWrap>
  </sourceMD>
 </amdSec>
 <amdSec ID="amd_30">
  <rightsMD ID="rightsMD_36">
   <mdWrap MDTYPE="OTHER" OTHERMDTYPE="METSRIGHTS">
    <xmlData xmlns:rights="http://cosimo.stanford.edu/sdr/metsrights/" xsi:schemaLocation="http://cosimo.stanford.edu/sdr/metsrights/ http://cosimo.stanford.edu/sdr/metsrights.xsd"><rights:RightsDeclarationMD xmlns:rights="http://cosimo.stanford.edu/sdr/metsrights/" RIGHTSCATEGORY="LICENSED">
  <rights:Context in-effect="true" CONTEXTCLASS="GENERAL PUBLIC">
    <rights:Permissions DISCOVER="true" DISPLAY="true" MODIFY="false" DELETE="false" />
  </rights:Context>
</rights:RightsDeclarationMD></xmlData>
   </mdWrap>
  </rightsMD>
 </amdSec>
 <amdSec ID="amd_38">
  <techMD ID="techMD_39">
   <mdWrap MDTYPE="PREMIS">
    <xmlData xmlns:premis="http://www.loc.gov/standards/premis" xsi:schemaLocation="http://www.loc.gov/standards/premis http://www.loc.gov/standards/premis/PREMIS-v1-0.xsd"><premis:premis xmlns:premis="http://www.loc.gov/standards/premis">
  <premis:object>
    <premis:objectIdentifier>
      <premis:objectIdentifierType>URL</premis:objectIdentifierType>
      <premis:objectIdentifierValue>http://localhost:8080/xmlui/bitstream/123456789%2F32/2/license.txt</premis:objectIdentifierValue>
    </premis:objectIdentifier>
    <premis:objectCategory>File</premis:objectCategory>
    <premis:objectCharacteristics>
      <premis:fixity>
        <premis:messageDigestAlgorithm>MD5</premis:messageDigestAlgorithm>
        <premis:messageDigest>8a4605be74aa9ea9d79846c1fba20a33</premis:messageDigest>
      </premis:fixity>
      <premis:size>1748</premis:size>
      <premis:format>
        <premis:formatDesignation>
          <premis:formatName>text/plain; charset=utf-8</premis:formatName>
        </premis:formatDesignation>
      </premis:format>
    </premis:objectCharacteristics>
    <premis:originalName>license.txt</premis:originalName>
  </premis:object>
</premis:premis></xmlData>
   </mdWrap>
  </techMD>
  <rightsMD ID="rightsMD_44">
   <mdWrap MDTYPE="OTHER" OTHERMDTYPE="METSRIGHTS">
    <xmlData xmlns:rights="http://cosimo.stanford.edu/sdr/metsrights/" xsi:schemaLocation="http://cosimo.stanford.edu/sdr/metsrights/ http://cosimo.stanford.edu/sdr/metsrights.xsd"><rights:RightsDeclarationMD xmlns:rights="http://cosimo.stanford.edu/sdr/metsrights/" RIGHTSCATEGORY="LICENSED">
  <rights:Context in-effect="true" CONTEXTCLASS="GENERAL PUBLIC">
    <rights:Permissions DISCOVER="true" DISPLAY="true" MODIFY="false" DELETE="false" />
  </rights:Context>
</rights:RightsDeclarationMD></xmlData>
   </mdWrap>
  </rightsMD>
  <sourceMD ID="sourceMD_45">
   <mdWrap MDTYPE="OTHER" OTHERMDTYPE="AIP-TECHMD">
    <xmlData xmlns:dim="http://www.dspace.org/xmlns/dspace/dim"><dim:dim xmlns:dim="http://www.dspace.org/xmlns/dspace/dim" dspaceType="BITSTREAM">
  <dim:field mdschema="dc" element="title">license.txt</dim:field>
  <dim:field mdschema="dc" element="title" qualifier="alternative">Written by org.dspace.content.LicenseUtils</dim:field>
  <dim:field mdschema="dc" element="format" qualifier="medium">License</dim:field>
  <dim:field mdschema="dc" element="format" qualifier="mimetype">text/plain; charset=utf-8</dim:field>
  <dim:field mdschema="dc" element="format" qualifier="supportlevel">KNOWN</dim:field>
  <dim:field mdschema="dc" element="format" qualifier="internal">true</dim:field>
</dim:dim></xmlData>
   </mdWrap>
  </sourceMD>
 </amdSec>
 <amdSec ID="amd_46">
  <rightsMD ID="rightsMD_52">
   <mdWrap MDTYPE="OTHER" OTHERMDTYPE="METSRIGHTS">
    <xmlData xmlns:rights="http://cosimo.stanford.edu/sdr/metsrights/" xsi:schemaLocation="http://cosimo.stanford.edu/sdr/metsrights/ http://cosimo.stanford.edu/sdr/metsrights.xsd"><rights:RightsDeclarationMD xmlns:rights="http://cosimo.stanford.edu/sdr/metsrights/" RIGHTSCATEGORY="LICENSED">
  <rights:Context in-effect="true" CONTEXTCLASS="GENERAL PUBLIC">
    <rights:Permissions DISCOVER="true" DISPLAY="true" MODIFY="false" DELETE="false" />
  </rights:Context>
</rights:RightsDeclarationMD></xmlData>
   </mdWrap>
  </rightsMD>
 </amdSec>
 <amdSec ID="amd_54">
  <techMD ID="techMD_55">
   <mdWrap MDTYPE="PREMIS">
    <xmlData xmlns:premis="http://www.loc.gov/standards/premis" xsi:schemaLocation="http://www.loc.gov/standards/premis http://www.loc.gov/standards/premis/PREMIS-v1-0.xsd"><premis:premis xmlns:premis="http://www.loc.gov/standards/premis">
  <premis:object>
    <premis:objectIdentifier>
      <premis:objectIdentifierType>URL</premis:objectIdentifierType>
      <premis:objectIdentifierValue>http://localhost:8080/xmlui/bitstream/123456789%2F32/3/Nameles_city.jpg</premis:objectIdentifierValue>
    </premis:objectIdentifier>
    <premis:objectCategory>File</premis:objectCategory>
    <premis:objectCharacteristics>
      <premis:fixity>
        <premis:messageDigestAlgorithm>MD5</premis:messageDigestAlgorithm>
        <premis:messageDigest>1c5f5fef11146cec8c51b54356c63e86</premis:messageDigest>
      </premis:fixity>
      <premis:size>257814</premis:size>
      <premis:format>
        <premis:formatDesignation>
          <premis:formatName>image/jpeg</premis:formatName>
        </premis:formatDesignation>
      </premis:format>
    </premis:objectCharacteristics>
    <premis:originalName>Nameles_city.jpg</premis:originalName>
  </premis:object>
</premis:premis></xmlData>
   </mdWrap>
  </techMD>
  <rightsMD ID="rightsMD_60">
   <mdWrap MDTYPE="OTHER" OTHERMDTYPE="METSRIGHTS">
    <xmlData xmlns:rights="http://cosimo.stanford.edu/sdr/metsrights/" xsi:schemaLocation="http://cosimo.stanford.edu/sdr/metsrights/ http://cosimo.stanford.edu/sdr/metsrights.xsd"><rights:RightsDeclarationMD xmlns:rights="http://cosimo.stanford.edu/sdr/metsrights/" RIGHTSCATEGORY="LICENSED">
  <rights:Context in-effect="true" CONTEXTCLASS="GENERAL PUBLIC">
    <rights:Permissions DISCOVER="true" DISPLAY="true" MODIFY="false" DELETE="false" />
  </rights:Context>
</rights:RightsDeclarationMD></xmlData>
   </mdWrap>
  </rightsMD>
  <sourceMD ID="sourceMD_61">
   <mdWrap MDTYPE="OTHER" OTHERMDTYPE="AIP-TECHMD">
    <xmlData xmlns:dim="http://www.dspace.org/xmlns/dspace/dim"><dim:dim xmlns:dim="http://www.dspace.org/xmlns/dspace/dim" dspaceType="BITSTREAM">
  <dim:field mdschema="dc" element="title">Nameles_city.jpg</dim:field>
  <dim:field mdschema="dc" element="title" qualifier="alternative">Nameles_city.jpg</dim:field>
  <dim:field mdschema="dc" element="description">Capa</dim:field>
  <dim:field mdschema="dc" element="format" qualifier="medium">JPEG</dim:field>
  <dim:field mdschema="dc" element="format" qualifier="mimetype">image/jpeg</dim:field>
  <dim:field mdschema="dc" element="format" qualifier="supportlevel">KNOWN</dim:field>
  <dim:field mdschema="dc" element="format" qualifier="internal">false</dim:field>
</dim:dim></xmlData>
   </mdWrap>
  </sourceMD>
 </amdSec>
 <fileSec>
  <fileGrp ADMID="amd_13" USE="ORIGINAL">
   <file ID="bitstream_1" MIMETYPE="application/pdf" SEQ="1" SIZE="159089" CHECKSUM="defea4a41ebbc72120f5c13a1dfa9ed2" CHECKSUMTYPE="MD5" ADMID="amd_22" GROUPID="GROUP_bitstream_1">
    <FLocat LOCTYPE="URL" xlink:type="simple" xlink:href="bitstream_c2078e6b-ffe0-40b1-b073-d8136225fc3b.pdf"/>
   </file>
  </fileGrp>
  <fileGrp ADMID="amd_30" USE="LICENSE">
   <file ID="bitstream_2" MIMETYPE="text/plain; charset=utf-8" SEQ="2" SIZE="1748" CHECKSUM="8a4605be74aa9ea9d79846c1fba20a33" CHECKSUMTYPE="MD5" ADMID="amd_38" GROUPID="GROUP_bitstream_2">
    <FLocat LOCTYPE="URL" xlink:type="simple" xlink:href="bitstream_f8d7ecbc-dfcb-4942-b78a-54ccba9361bd"/>
   </file>
  </fileGrp>
  <fileGrp ADMID="amd_46" USE="THUMBNAIL">
   <file ID="bitstream_3" MIMETYPE="image/jpeg" SEQ="3" SIZE="257814" CHECKSUM="1c5f5fef11146cec8c51b54356c63e86" CHECKSUMTYPE="MD5" ADMID="amd_54" GROUPID="GROUP_bitstream_3">
    <FLocat LOCTYPE="URL" xlink:type="simple" xlink:href="bitstream_f3972377-169c-4a4f-8f18-9bc3f23362fe.jpeg"/>
   </file>
  </fileGrp>
 </fileSec>
 <structMap ID="struct_11" LABEL="DSpace Object" TYPE="LOGICAL">
  <div ID="div_12" DMDID="dmdSec_1 dmdSec_2" ADMID="amd_3" TYPE="DSpace Object Contents">
   <div ID="div_21" TYPE="DSpace BITSTREAM">
    <fptr FILEID="bitstream_1"/>
   </div>
  </div>
 </structMap>
 <structMap ID="struct_62" LABEL="Parent" TYPE="LOGICAL">
  <div ID="div_63" LABEL="Parent of this DSpace Object" TYPE="AIP Parent Link">
   <mptr ID="mptr_64" LOCTYPE="HANDLE" xlink:type="simple" xlink:href="123456789/2"/>
  </div>
 </structMap>
</mets>
