<?xml version="1.0" encoding="utf-8" standalone="no"?>
<mets ID="DSpace_COLLECTION_123456789-2" OBJID="hdl:123456789/2" TYPE="DSpace COLLECTION" PROFILE="http://www.dspace.org/schema/aip/mets_aip_1_0.xsd" xmlns="http://www.loc.gov/METS/" xmlns:xlink="http://www.w3.org/1999/xlink" xmlns:xsi="http://www.w3.org/2001/XMLSchema-instance" xsi:schemaLocation="http://www.loc.gov/METS/ http://www.loc.gov/standards/mets/mets.xsd">
 <metsHdr>
  <agent ROLE="CUSTODIAN" TYPE="OTHER" OTHERTYPE="DSpace Archive">
   <name>123456789/0</name>
  </agent>
  <agent ROLE="CREATOR" TYPE="OTHER" OTHERTYPE="DSpace Software">
   <name>DSpace 6.4-SNAPSHOT</name>
  </agent>
 </metsHdr>
 <dmdSec ID="dmdSec_1">
  <mdWrap MDTYPE="MODS">
   <xmlData xmlns:mods="http://www.loc.gov/mods/v3" xmlns:xlink="http://www.w3.org/1999/xlink" xsi:schemaLocation="http://www.loc.gov/mods/v3 http://www.loc.gov/standards/mods/v3/mods-3-1.xsd"><mods:mods xmlns:mods="http://www.loc.gov/mods/v3" xmlns:xsi="http://www.w3.org/2001/XMLSchema-instance" xsi:schemaLocation="http://www.loc.gov/mods/v3 http://www.loc.gov/standards/mods/v3/mods-3-1.xsd">
  <mods:note>"A emoção mais antiga e mais forte da humanidade é o medo, e o tipo de medo mais antigo e mais poderoso é o medo do desconhecido. Poucos psicólogos contestarão esses fatos e sua reconhecida verdade deve estabelecer, para todos os tempos, a autenticidade e dignidade da ficção fantástica de horror como forma literária." - H. P. Lovecraft.</mods:note>
  <mods:abstract>Contos Traduzidos</mods:abstract>
  <mods:tableOfContents />
  <mods:identifier type="uri">http://localhost:8080/xmlui/handle/123456789/2</mods:identifier>
  <mods:accessCondition type="useAndReproduction" />
  <mods:titleInfo>
    <mods:title>HORROR CÓSMICO</mods:title>
  </mods:titleInfo>
</mods:mods></xmlData>
  </mdWrap>
 </dmdSec>
 <dmdSec ID="dmdSec_2">
  <mdWrap MDTYPE="OTHER" OTHERMDTYPE="DIM">
   <xmlData xmlns:dim="http://www.dspace.org/xmlns/dspace/dim"><dim:dim xmlns:dim="http://www.dspace.org/xmlns/dspace/dim" dspaceType="COLLECTION">
  <dim:field mdschema="dc" element="description">"A emoção mais antiga e mais forte da humanidade é o medo, e o tipo de medo mais antigo e mais poderoso é o medo do desconhecido. Poucos psicólogos contestarão esses fatos e sua reconhecida verdade deve estabelecer, para todos os tempos, a autenticidade e dignidade da ficção fantástica de horror como forma literária." - H. P. Lovecraft.</dim:field>
  <dim:field mdschema="dc" element="description" qualifier="abstract">Contos Traduzidos</dim:field>
  <dim:field mdschema="dc" element="description" qualifier="tableofcontents" />
  <dim:field mdschema="dc" element="identifier" qualifier="uri">hdl:123456789/2</dim:field>
  <dim:field mdschema="dc" element="provenance" />
  <dim:field mdschema="dc" element="rights" />
  <dim:field mdschema="dc" element="rights" qualifier="license" />
  <dim:field mdschema="dc" element="title">HORROR CÓSMICO</dim:field>
</dim:dim></xmlData>
  </mdWrap>
 </dmdSec>
 <amdSec ID="amd_3">
  <rightsMD ID="rightsMD_9">
   <mdWrap MDTYPE="OTHER" OTHERMDTYPE="METSRIGHTS">
    <xmlData xmlns:rights="http://cosimo.stanford.edu/sdr/metsrights/" xsi:schemaLocation="http://cosimo.stanford.edu/sdr/metsrights/ http://cosimo.stanford.edu/sdr/metsrights.xsd"><rights:RightsDeclarationMD xmlns:rights="http://cosimo.stanford.edu/sdr/metsrights/" RIGHTSCATEGORY="LICENSED">
  <rights:Context in-effect="true" CONTEXTCLASS="GENERAL PUBLIC">
    <rights:Permissions DISCOVER="true" DISPLAY="true" MODIFY="false" DELETE="false" />
  </rights:Context>
  <rights:Context in-effect="true" CONTEXTCLASS="GENERAL PUBLIC">
    <rights:Permissions DISCOVER="true" DISPLAY="true" MODIFY="false" DELETE="false" OTHER="true" OTHERPERMITTYPE="READ ITEM CONTENTS" />
  </rights:Context>
  <rights:Context in-effect="true" CONTEXTCLASS="GENERAL PUBLIC">
    <rights:Permissions DISCOVER="true" DISPLAY="true" MODIFY="false" DELETE="false" OTHER="true" OTHERPERMITTYPE="READ FILE CONTENTS" />
  </rights:Context>
</rights:RightsDeclarationMD></xmlData>
   </mdWrap>
  </rightsMD>
  <sourceMD ID="sourceMD_10">
   <mdWrap MDTYPE="OTHER" OTHERMDTYPE="AIP-TECHMD">
    <xmlData xmlns:dim="http://www.dspace.org/xmlns/dspace/dim"><dim:dim xmlns:dim="http://www.dspace.org/xmlns/dspace/dim" dspaceType="COLLECTION">
  <dim:field mdschema="dc" element="identifier" qualifier="uri">hdl:123456789/2</dim:field>
  <dim:field mdschema="dc" element="relation" qualifier="isPartOf">hdl:123456789/1</dim:field>
</dim:dim></xmlData>
   </mdWrap>
  </sourceMD>
 </amdSec>
 <structMap ID="struct_11" LABEL="DSpace Object" TYPE="LOGICAL">
  <div ID="div_12" DMDID="dmdSec_1 dmdSec_2" ADMID="amd_3" TYPE="DSpace Object Contents">
   <div ID="div_13" TYPE="DSpace ITEM">
    <mptr ID="mptr_14" LOCTYPE="HANDLE" xlink:type="simple" xlink:href="123456789/7"/>
    <mptr ID="mptr_15" LOCTYPE="URL" xlink:type="simple" xlink:href="ITEM@123456789-7.zip"/>
   </div>
   <div ID="div_16" TYPE="DSpace ITEM">
    <mptr ID="mptr_17" LOCTYPE="HANDLE" xlink:type="simple" xlink:href="123456789/8"/>
    <mptr ID="mptr_18" LOCTYPE="URL" xlink:type="simple" xlink:href="ITEM@123456789-8.zip"/>
   </div>
   <div ID="div_19" TYPE="DSpace ITEM">
    <mptr ID="mptr_20" LOCTYPE="HANDLE" xlink:type="simple" xlink:href="123456789/10"/>
    <mptr ID="mptr_21" LOCTYPE="URL" xlink:type="simple" xlink:href="ITEM@123456789-10.zip"/>
   </div>
   <div ID="div_22" TYPE="DSpace ITEM">
    <mptr ID="mptr_23" LOCTYPE="HANDLE" xlink:type="simple" xlink:href="123456789/15"/>
    <mptr ID="mptr_24" LOCTYPE="URL" xlink:type="simple" xlink:href="ITEM@123456789-15.zip"/>
   </div>
   <div ID="div_25" TYPE="DSpace ITEM">
    <mptr ID="mptr_26" LOCTYPE="HANDLE" xlink:type="simple" xlink:href="123456789/12"/>
    <mptr ID="mptr_27" LOCTYPE="URL" xlink:type="simple" xlink:href="ITEM@123456789-12.zip"/>
   </div>
   <div ID="div_28" TYPE="DSpace ITEM">
    <mptr ID="mptr_29" LOCTYPE="HANDLE" xlink:type="simple" xlink:href="123456789/14"/>
    <mptr ID="mptr_30" LOCTYPE="URL" xlink:type="simple" xlink:href="ITEM@123456789-14.zip"/>
   </div>
   <div ID="div_31" TYPE="DSpace ITEM">
    <mptr ID="mptr_32" LOCTYPE="HANDLE" xlink:type="simple" xlink:href="123456789/13"/>
    <mptr ID="mptr_33" LOCTYPE="URL" xlink:type="simple" xlink:href="ITEM@123456789-13.zip"/>
   </div>
   <div ID="div_34" TYPE="DSpace ITEM">
    <mptr ID="mptr_35" LOCTYPE="HANDLE" xlink:type="simple" xlink:href="123456789/16"/>
    <mptr ID="mptr_36" LOCTYPE="URL" xlink:type="simple" xlink:href="ITEM@123456789-16.zip"/>
   </div>
   <div ID="div_37" TYPE="DSpace ITEM">
    <mptr ID="mptr_38" LOCTYPE="HANDLE" xlink:type="simple" xlink:href="123456789/17"/>
    <mptr ID="mptr_39" LOCTYPE="URL" xlink:type="simple" xlink:href="ITEM@123456789-17.zip"/>
   </div>
   <div ID="div_40" TYPE="DSpace ITEM">
    <mptr ID="mptr_41" LOCTYPE="HANDLE" xlink:type="simple" xlink:href="123456789/18"/>
    <mptr ID="mptr_42" LOCTYPE="URL" xlink:type="simple" xlink:href="ITEM@123456789-18.zip"/>
   </div>
   <div ID="div_43" TYPE="DSpace ITEM">
    <mptr ID="mptr_44" LOCTYPE="HANDLE" xlink:type="simple" xlink:href="123456789/19"/>
    <mptr ID="mptr_45" LOCTYPE="URL" xlink:type="simple" xlink:href="ITEM@123456789-19.zip"/>
   </div>
   <div ID="div_46" TYPE="DSpace ITEM">
    <mptr ID="mptr_47" LOCTYPE="HANDLE" xlink:type="simple" xlink:href="123456789/20"/>
    <mptr ID="mptr_48" LOCTYPE="URL" xlink:type="simple" xlink:href="ITEM@123456789-20.zip"/>
   </div>
   <div ID="div_49" TYPE="DSpace ITEM">
    <mptr ID="mptr_50" LOCTYPE="HANDLE" xlink:type="simple" xlink:href="123456789/21"/>
    <mptr ID="mptr_51" LOCTYPE="URL" xlink:type="simple" xlink:href="ITEM@123456789-21.zip"/>
   </div>
   <div ID="div_52" TYPE="DSpace ITEM">
    <mptr ID="mptr_53" LOCTYPE="HANDLE" xlink:type="simple" xlink:href="123456789/22"/>
    <mptr ID="mptr_54" LOCTYPE="URL" xlink:type="simple" xlink:href="ITEM@123456789-22.zip"/>
   </div>
   <div ID="div_55" TYPE="DSpace ITEM">
    <mptr ID="mptr_56" LOCTYPE="HANDLE" xlink:type="simple" xlink:href="123456789/23"/>
    <mptr ID="mptr_57" LOCTYPE="URL" xlink:type="simple" xlink:href="ITEM@123456789-23.zip"/>
   </div>
   <div ID="div_58" TYPE="DSpace ITEM">
    <mptr ID="mptr_59" LOCTYPE="HANDLE" xlink:type="simple" xlink:href="123456789/24"/>
    <mptr ID="mptr_60" LOCTYPE="URL" xlink:type="simple" xlink:href="ITEM@123456789-24.zip"/>
   </div>
   <div ID="div_61" TYPE="DSpace ITEM">
    <mptr ID="mptr_62" LOCTYPE="HANDLE" xlink:type="simple" xlink:href="123456789/25"/>
    <mptr ID="mptr_63" LOCTYPE="URL" xlink:type="simple" xlink:href="ITEM@123456789-25.zip"/>
   </div>
   <div ID="div_64" TYPE="DSpace ITEM">
    <mptr ID="mptr_65" LOCTYPE="HANDLE" xlink:type="simple" xlink:href="123456789/26"/>
    <mptr ID="mptr_66" LOCTYPE="URL" xlink:type="simple" xlink:href="ITEM@123456789-26.zip"/>
   </div>
   <div ID="div_67" TYPE="DSpace ITEM">
    <mptr ID="mptr_68" LOCTYPE="HANDLE" xlink:type="simple" xlink:href="123456789/27"/>
    <mptr ID="mptr_69" LOCTYPE="URL" xlink:type="simple" xlink:href="ITEM@123456789-27.zip"/>
   </div>
   <div ID="div_70" TYPE="DSpace ITEM">
    <mptr ID="mptr_71" LOCTYPE="HANDLE" xlink:type="simple" xlink:href="123456789/28"/>
    <mptr ID="mptr_72" LOCTYPE="URL" xlink:type="simple" xlink:href="ITEM@123456789-28.zip"/>
   </div>
   <div ID="div_73" TYPE="DSpace ITEM">
    <mptr ID="mptr_74" LOCTYPE="HANDLE" xlink:type="simple" xlink:href="123456789/29"/>
    <mptr ID="mptr_75" LOCTYPE="URL" xlink:type="simple" xlink:href="ITEM@123456789-29.zip"/>
   </div>
   <div ID="div_76" TYPE="DSpace ITEM">
    <mptr ID="mptr_77" LOCTYPE="HANDLE" xlink:type="simple" xlink:href="123456789/30"/>
    <mptr ID="mptr_78" LOCTYPE="URL" xlink:type="simple" xlink:href="ITEM@123456789-30.zip"/>
   </div>
   <div ID="div_79" TYPE="DSpace ITEM">
    <mptr ID="mptr_80" LOCTYPE="HANDLE" xlink:type="simple" xlink:href="123456789/31"/>
    <mptr ID="mptr_81" LOCTYPE="URL" xlink:type="simple" xlink:href="ITEM@123456789-31.zip"/>
   </div>
   <div ID="div_82" TYPE="DSpace ITEM">
    <mptr ID="mptr_83" LOCTYPE="HANDLE" xlink:type="simple" xlink:href="123456789/32"/>
    <mptr ID="mptr_84" LOCTYPE="URL" xlink:type="simple" xlink:href="ITEM@123456789-32.zip"/>
   </div>
   <div ID="div_85" TYPE="DSpace ITEM">
    <mptr ID="mptr_86" LOCTYPE="HANDLE" xlink:type="simple" xlink:href="123456789/33"/>
    <mptr ID="mptr_87" LOCTYPE="URL" xlink:type="simple" xlink:href="ITEM@123456789-33.zip"/>
   </div>
   <div ID="div_88" TYPE="DSpace ITEM">
    <mptr ID="mptr_89" LOCTYPE="HANDLE" xlink:type="simple" xlink:href="123456789/34"/>
    <mptr ID="mptr_90" LOCTYPE="URL" xlink:type="simple" xlink:href="ITEM@123456789-34.zip"/>
   </div>
   <div ID="div_91" TYPE="DSpace ITEM">
    <mptr ID="mptr_92" LOCTYPE="HANDLE" xlink:type="simple" xlink:href="123456789/35"/>
    <mptr ID="mptr_93" LOCTYPE="URL" xlink:type="simple" xlink:href="ITEM@123456789-35.zip"/>
   </div>
   <div ID="div_94" TYPE="DSpace ITEM">
    <mptr ID="mptr_95" LOCTYPE="HANDLE" xlink:type="simple" xlink:href="123456789/36"/>
    <mptr ID="mptr_96" LOCTYPE="URL" xlink:type="simple" xlink:href="ITEM@123456789-36.zip"/>
   </div>
  </div>
 </structMap>
 <structMap ID="struct_97" LABEL="Parent" TYPE="LOGICAL">
  <div ID="div_98" LABEL="Parent of this DSpace Object" TYPE="AIP Parent Link">
   <mptr ID="mptr_99" LOCTYPE="HANDLE" xlink:type="simple" xlink:href="123456789/1"/>
  </div>
 </structMap>
</mets>
