<?xml version="1.0" encoding="utf-8" standalone="no"?>
<mets ID="DSpace_SITE_123456789-0" OBJID="hdl:123456789/0" TYPE="DSpace SITE" PROFILE="http://www.dspace.org/schema/aip/mets_aip_1_0.xsd" xmlns="http://www.loc.gov/METS/" xmlns:xlink="http://www.w3.org/1999/xlink" xmlns:xsi="http://www.w3.org/2001/XMLSchema-instance" xsi:schemaLocation="http://www.loc.gov/METS/ http://www.loc.gov/standards/mets/mets.xsd">
 <metsHdr>
  <agent ROLE="CUSTODIAN" TYPE="OTHER" OTHERTYPE="DSpace Archive">
   <name>123456789/0</name>
  </agent>
  <agent ROLE="CREATOR" TYPE="OTHER" OTHERTYPE="DSpace Software">
   <name>DSpace 6.4-SNAPSHOT</name>
  </agent>
 </metsHdr>
 <dmdSec ID="dmdSec_1">
  <mdWrap MDTYPE="MODS">
   <xmlData xmlns:mods="http://www.loc.gov/mods/v3" xmlns:xlink="http://www.w3.org/1999/xlink" xsi:schemaLocation="http://www.loc.gov/mods/v3 http://www.loc.gov/standards/mods/v3/mods-3-1.xsd"><mods:mods xmlns:mods="http://www.loc.gov/mods/v3" xmlns:xsi="http://www.w3.org/2001/XMLSchema-instance" xsi:schemaLocation="http://www.loc.gov/mods/v3 http://www.loc.gov/standards/mods/v3/mods-3-1.xsd">
  <mods:identifier type="uri">http://localhost:8080/xmlui/handle/123456789/0</mods:identifier>
  <mods:identifier type="uri">http://localhost:8080/xmlui</mods:identifier>
  <mods:titleInfo>
    <mods:title>DSpace Started with Docker Compose</mods:title>
  </mods:titleInfo>
</mods:mods></xmlData>
  </mdWrap>
 </dmdSec>
 <dmdSec ID="dmdSec_2">
  <mdWrap MDTYPE="OTHER" OTHERMDTYPE="DIM">
   <xmlData xmlns:dim="http://www.dspace.org/xmlns/dspace/dim"><dim:dim xmlns:dim="http://www.dspace.org/xmlns/dspace/dim" dspaceType="SITE">
  <dim:field mdschema="dc" element="identifier" qualifier="uri">hdl:123456789/0</dim:field>
  <dim:field mdschema="dc" element="identifier" qualifier="uri">http://localhost:8080/xmlui</dim:field>
  <dim:field mdschema="dc" element="title">DSpace Started with Docker Compose</dim:field>
</dim:dim></xmlData>
  </mdWrap>
 </dmdSec>
 <amdSec ID="amd_3">
  <techMD ID="techMD_5">
   <mdWrap MDTYPE="OTHER" OTHERMDTYPE="DSPACE-ROLES">
    <xmlData xmlns:dsroles="http://www.dspace.org/xmlns/dspace/dspace-roles"><DSpaceRoles>
  <Groups>
    <Group ID="29f537b5-a9ff-485e-abe3-214e984b1ca7" Name="Administrator">
      <Members>
        <Member ID="58dbbedf-f47a-401a-bdda-10d1231a8562" Name="jumadacosta2402@gmail.com" />
      </Members>
    </Group>
    <Group ID="2d697b5d-ab85-4722-8fd6-29730a1b1430" Name="Anonymous" />
    <Group ID="ffd7b866-d720-4636-83e3-7187a570fa82" Name="COMMUNITY_hdl:123456789/1_ADMIN" />
  </Groups>
  <People>
    <Person ID="4915e973-198e-4522-a958-30051b5f5574">
      <Email>luizamboni2002@hotmail.com</Email>
      <FirstName>Luiz</FirstName>
      <LastName>Zamboni Vasconcellos</LastName>
      <CanLogin />
    </Person>
    <Person ID="58dbbedf-f47a-401a-bdda-10d1231a8562">
      <Email>jumadacosta2402@gmail.com</Email>
      <FirstName>Gerusa</FirstName>
      <LastName>Fernandes da Costa</LastName>
      <Language>en</Language>
      <CanLogin />
    </Person>
  </People>
</DSpaceRoles></xmlData>
   </mdWrap>
  </techMD>
  <sourceMD ID="sourceMD_10">
   <mdWrap MDTYPE="OTHER" OTHERMDTYPE="AIP-TECHMD">
    <xmlData xmlns:dim="http://www.dspace.org/xmlns/dspace/dim"><dim:dim xmlns:dim="http://www.dspace.org/xmlns/dspace/dim" dspaceType="SITE">
  <dim:field mdschema="dc" element="identifier" qualifier="uri">hdl:123456789/0</dim:field>
  <dim:field mdschema="dc" element="identifier" qualifier="uri">http://localhost:8080/xmlui</dim:field>
</dim:dim></xmlData>
   </mdWrap>
  </sourceMD>
 </amdSec>
 <structMap ID="struct_11" LABEL="DSpace Object" TYPE="LOGICAL">
  <div ID="div_12" DMDID="dmdSec_1 dmdSec_2" ADMID="amd_3" TYPE="DSpace Object Contents">
   <div ID="div_13" TYPE="DSpace COMMUNITY">
    <mptr ID="mptr_14" LOCTYPE="HANDLE" xlink:type="simple" xlink:href="123456789/1"/>
    <mptr ID="mptr_15" LOCTYPE="URL" xlink:type="simple" xlink:href="COMMUNITY@123456789-1.zip"/>
   </div>
  </div>
 </structMap>
</mets>
