<?xml version="1.0" encoding="utf-8" standalone="no"?>
<mets ID="DSpace_COMMUNITY_123456789-1" OBJID="hdl:123456789/1" TYPE="DSpace COMMUNITY" PROFILE="http://www.dspace.org/schema/aip/mets_aip_1_0.xsd" xmlns="http://www.loc.gov/METS/" xmlns:xlink="http://www.w3.org/1999/xlink" xmlns:xsi="http://www.w3.org/2001/XMLSchema-instance" xsi:schemaLocation="http://www.loc.gov/METS/ http://www.loc.gov/standards/mets/mets.xsd">
 <metsHdr>
  <agent ROLE="CUSTODIAN" TYPE="OTHER" OTHERTYPE="DSpace Archive">
   <name>123456789/0</name>
  </agent>
  <agent ROLE="CREATOR" TYPE="OTHER" OTHERTYPE="DSpace Software">
   <name>DSpace 6.4-SNAPSHOT</name>
  </agent>
 </metsHdr>
 <dmdSec ID="dmdSec_1">
  <mdWrap MDTYPE="MODS">
   <xmlData xmlns:mods="http://www.loc.gov/mods/v3" xmlns:xlink="http://www.w3.org/1999/xlink" xsi:schemaLocation="http://www.loc.gov/mods/v3 http://www.loc.gov/standards/mods/v3/mods-3-1.xsd"><mods:mods xmlns:mods="http://www.loc.gov/mods/v3" xmlns:xsi="http://www.w3.org/2001/XMLSchema-instance" xsi:schemaLocation="http://www.loc.gov/mods/v3 http://www.loc.gov/standards/mods/v3/mods-3-1.xsd">
  <mods:note>&lt;p&gt;&lt;b&gt;Howard Phillips Lovecraft&lt;/b&gt; (1890 —  1937), mais conhecido por H. P. Lovecraft, foi um escritor estadunidense que revolucionou o gênero de terror, atribuindo-lhe elementos fantásticos típicos dos gêneros de fantasia e ficção científica.&#xD;
Lovecraft originou o ciclo de histórias que, posteriormente, foram agrupadas no Cthulhu Mythos e o grimório fictício conhecido como Necronomicon através do qual os seres humanos em suas histórias se comunicam com o panteão de entidades criadas pelo autor. Lovecraft era assumidamente conservador e anglófilo. Seu estilo literário emprega arcaísmos, vocabulário e ortografia marcadamente britânicos, fato que contribui para aumentar a atmosfera de suas histórias, como no conto O Caso de Charles Dexter Ward, que contêm referências a personagens que viveram antes da independência das Treze Colónias, bem como a estabelecimentos comerciais existentes entre os séculos XVII e XVIII.&lt;/p&gt;&#xD;
&lt;p&gt;Lovecraft chamava seu princípio literário de "Cosmicismo" ou "Horror Cósmico", pelo qual a vida é incompreensível ao ser humano e o universo é infinitamente hostil aos seus interesses. Suas obras expressam uma profunda indiferença às crenças e atividades humanas, assim como uma atitude profundamente pessimista e cínica, muitas vezes desafiando os valores do Iluminismo, do Romantismo, do Cristianismo e do Humanismo.&lt;/p&gt;&#xD;
&lt;p&gt;Durante sua vida, Lovecraft teve um número relativamente pequeno de leitores. No entanto, postumamente, com o passar das décadas, sua reputação foi se elevando e, agora, é considerado um dos escritores de terror mais influentes do século XX.&lt;/p&gt;</mods:note>
  <mods:abstract>Repositório com propósito de difundir a obra traduzida de H. P. Lovecraft para o público tupiniquim</mods:abstract>
  <mods:tableOfContents />
  <mods:identifier type="uri">http://localhost:8080/xmlui/handle/123456789/1</mods:identifier>
  <mods:accessCondition type="useAndReproduction">&lt;hr&gt;&lt;/hr&gt;&#xD;
&#xD;
&lt;p&gt;A definição do domínio público relaciona direitos autorais que não estão mais em acordo com os direitos autorias ou nunca foram protegidos pela lei. Está amparado na existência de um espaço em que não se consideram a produção de obras literárias, artísticas e científicas como propriedade privada de um ou mais indivíduos.&lt;/p&gt;&#xD;
&lt;p&gt;No Brasil, os direitos autorais duram 70 anos contados em 1º de janeiro do ano subsequente ao falecimento do autor ou do último coautor. Também entram em domínio público os autores sem sucessores e obras de autoria desconhecida. Nos casos de obras audiovisuais, o cálculo se inicia na data de sua divulgação.&lt;/p&gt;&#xD;
&lt;p&gt;Nos Estados Unidos, segundo a Wikipedia, existem 2 tipos de copyright, aquele cujo o cálculo é baseado na data de morte do autor e aquele cujo calculo é baseado na data de publicação e criação de determinada obra. Os termos de copyright baseado no ano de morte do autor são calculados somando os anos de vida do autor mais 95 anos após sua morte. E os termos de copyright baseados no ano de publicação e criação, são calculados contando 95 anos desde a publicação ou criação.&lt;/p&gt;&#xD;
&lt;p&gt;Para trabalhos publicados entre 1924–63, soma-se 95 anos a partir da data de criação ou publicação, (28 anos no caso de o copyright não ser renovado). Copyrights anteriores a 1924 expiraram. Portanto, a obra de H. P. Lovecraft está em domínio público.&lt;/p&gt;</mods:accessCondition>
  <mods:titleInfo>
    <mods:title>MEDO ABSOLUTO</mods:title>
  </mods:titleInfo>
</mods:mods></xmlData>
  </mdWrap>
 </dmdSec>
 <dmdSec ID="dmdSec_2">
  <mdWrap MDTYPE="OTHER" OTHERMDTYPE="DIM">
   <xmlData xmlns:dim="http://www.dspace.org/xmlns/dspace/dim"><dim:dim xmlns:dim="http://www.dspace.org/xmlns/dspace/dim" dspaceType="COMMUNITY">
  <dim:field mdschema="dc" element="description">&lt;p&gt;&lt;b&gt;Howard Phillips Lovecraft&lt;/b&gt; (1890 —  1937), mais conhecido por H. P. Lovecraft, foi um escritor estadunidense que revolucionou o gênero de terror, atribuindo-lhe elementos fantásticos típicos dos gêneros de fantasia e ficção científica.&#xD;
Lovecraft originou o ciclo de histórias que, posteriormente, foram agrupadas no Cthulhu Mythos e o grimório fictício conhecido como Necronomicon através do qual os seres humanos em suas histórias se comunicam com o panteão de entidades criadas pelo autor. Lovecraft era assumidamente conservador e anglófilo. Seu estilo literário emprega arcaísmos, vocabulário e ortografia marcadamente britânicos, fato que contribui para aumentar a atmosfera de suas histórias, como no conto O Caso de Charles Dexter Ward, que contêm referências a personagens que viveram antes da independência das Treze Colónias, bem como a estabelecimentos comerciais existentes entre os séculos XVII e XVIII.&lt;/p&gt;&#xD;
&lt;p&gt;Lovecraft chamava seu princípio literário de "Cosmicismo" ou "Horror Cósmico", pelo qual a vida é incompreensível ao ser humano e o universo é infinitamente hostil aos seus interesses. Suas obras expressam uma profunda indiferença às crenças e atividades humanas, assim como uma atitude profundamente pessimista e cínica, muitas vezes desafiando os valores do Iluminismo, do Romantismo, do Cristianismo e do Humanismo.&lt;/p&gt;&#xD;
&lt;p&gt;Durante sua vida, Lovecraft teve um número relativamente pequeno de leitores. No entanto, postumamente, com o passar das décadas, sua reputação foi se elevando e, agora, é considerado um dos escritores de terror mais influentes do século XX.&lt;/p&gt;</dim:field>
  <dim:field mdschema="dc" element="description" qualifier="abstract">Repositório com propósito de difundir a obra traduzida de H. P. Lovecraft para o público tupiniquim</dim:field>
  <dim:field mdschema="dc" element="description" qualifier="tableofcontents" />
  <dim:field mdschema="dc" element="identifier" qualifier="uri">hdl:123456789/1</dim:field>
  <dim:field mdschema="dc" element="rights">&lt;hr&gt;&lt;/hr&gt;&#xD;
&#xD;
&lt;p&gt;A definição do domínio público relaciona direitos autorais que não estão mais em acordo com os direitos autorias ou nunca foram protegidos pela lei. Está amparado na existência de um espaço em que não se consideram a produção de obras literárias, artísticas e científicas como propriedade privada de um ou mais indivíduos.&lt;/p&gt;&#xD;
&lt;p&gt;No Brasil, os direitos autorais duram 70 anos contados em 1º de janeiro do ano subsequente ao falecimento do autor ou do último coautor. Também entram em domínio público os autores sem sucessores e obras de autoria desconhecida. Nos casos de obras audiovisuais, o cálculo se inicia na data de sua divulgação.&lt;/p&gt;&#xD;
&lt;p&gt;Nos Estados Unidos, segundo a Wikipedia, existem 2 tipos de copyright, aquele cujo o cálculo é baseado na data de morte do autor e aquele cujo calculo é baseado na data de publicação e criação de determinada obra. Os termos de copyright baseado no ano de morte do autor são calculados somando os anos de vida do autor mais 95 anos após sua morte. E os termos de copyright baseados no ano de publicação e criação, são calculados contando 95 anos desde a publicação ou criação.&lt;/p&gt;&#xD;
&lt;p&gt;Para trabalhos publicados entre 1924–63, soma-se 95 anos a partir da data de criação ou publicação, (28 anos no caso de o copyright não ser renovado). Copyrights anteriores a 1924 expiraram. Portanto, a obra de H. P. Lovecraft está em domínio público.&lt;/p&gt;</dim:field>
  <dim:field mdschema="dc" element="title">MEDO ABSOLUTO</dim:field>
</dim:dim></xmlData>
  </mdWrap>
 </dmdSec>
 <amdSec ID="amd_3">
  <techMD ID="techMD_5">
   <mdWrap MDTYPE="OTHER" OTHERMDTYPE="DSPACE-ROLES">
    <xmlData xmlns:dsroles="http://www.dspace.org/xmlns/dspace/dspace-roles"><DSpaceRoles>
  <Groups>
    <Group ID="ffd7b866-d720-4636-83e3-7187a570fa82" Name="COMMUNITY_hdl:123456789/1_ADMIN" Type="ADMIN" />
  </Groups>
</DSpaceRoles></xmlData>
   </mdWrap>
  </techMD>
  <rightsMD ID="rightsMD_9">
   <mdWrap MDTYPE="OTHER" OTHERMDTYPE="METSRIGHTS">
    <xmlData xmlns:rights="http://cosimo.stanford.edu/sdr/metsrights/" xsi:schemaLocation="http://cosimo.stanford.edu/sdr/metsrights/ http://cosimo.stanford.edu/sdr/metsrights.xsd"><rights:RightsDeclarationMD xmlns:rights="http://cosimo.stanford.edu/sdr/metsrights/" RIGHTSCATEGORY="LICENSED">
  <rights:Context in-effect="true" CONTEXTCLASS="GENERAL PUBLIC">
    <rights:Permissions DISCOVER="true" DISPLAY="true" MODIFY="false" DELETE="false" />
  </rights:Context>
  <rights:Context in-effect="true" CONTEXTCLASS="MANAGED GRP">
    <rights:UserName USERTYPE="GROUP">COMMUNITY_hdl:123456789/1_ADMIN</rights:UserName>
    <rights:Permissions DISCOVER="true" DISPLAY="true" COPY="true" DUPLICATE="true" MODIFY="true" DELETE="true" PRINT="true" OTHER="true" OTHERPERMITTYPE="ADMIN" />
  </rights:Context>
</rights:RightsDeclarationMD></xmlData>
   </mdWrap>
  </rightsMD>
  <sourceMD ID="sourceMD_10">
   <mdWrap MDTYPE="OTHER" OTHERMDTYPE="AIP-TECHMD">
    <xmlData xmlns:dim="http://www.dspace.org/xmlns/dspace/dim"><dim:dim xmlns:dim="http://www.dspace.org/xmlns/dspace/dim" dspaceType="COMMUNITY">
  <dim:field mdschema="dc" element="identifier" qualifier="uri">hdl:123456789/1</dim:field>
  <dim:field mdschema="dc" element="relation" qualifier="isPartOf">hdl:123456789/0</dim:field>
</dim:dim></xmlData>
   </mdWrap>
  </sourceMD>
 </amdSec>
 <fileSec>
  <fileGrp USE="LOGO">
   <file ID="logo_16" MIMETYPE="application/octet-stream" SIZE="21588" CHECKSUM="7c9596ec56af419881a60c0c8ccb209e" CHECKSUMTYPE="MD5">
    <FLocat LOCTYPE="URL" xlink:type="simple" xlink:href="bitstream_d1c30a1b-f391-4f37-9c50-802b9dd543fe"/>
   </file>
  </fileGrp>
 </fileSec>
 <structMap ID="struct_11" LABEL="DSpace Object" TYPE="LOGICAL">
  <div ID="div_12" DMDID="dmdSec_1 dmdSec_2" ADMID="amd_3" TYPE="DSpace Object Contents">
   <fptr FILEID="logo_16"/>
   <div ID="div_13" TYPE="DSpace COLLECTION">
    <mptr ID="mptr_14" LOCTYPE="HANDLE" xlink:type="simple" xlink:href="123456789/2"/>
    <mptr ID="mptr_15" LOCTYPE="URL" xlink:type="simple" xlink:href="COLLECTION@123456789-2.zip"/>
   </div>
  </div>
 </structMap>
 <structMap ID="struct_17" LABEL="Parent" TYPE="LOGICAL">
  <div ID="div_18" LABEL="Parent of this DSpace Object" TYPE="AIP Parent Link">
   <mptr ID="mptr_19" LOCTYPE="HANDLE" xlink:type="simple" xlink:href="123456789/0"/>
  </div>
 </structMap>
</mets>
