<?xml version="1.0" encoding="utf-8" standalone="no"?>
<mets ID="DSpace_ITEM_123456789-36" OBJID="hdl:123456789/36" TYPE="DSpace ITEM" PROFILE="http://www.dspace.org/schema/aip/mets_aip_1_0.xsd" xmlns="http://www.loc.gov/METS/" xmlns:xlink="http://www.w3.org/1999/xlink" xmlns:xsi="http://www.w3.org/2001/XMLSchema-instance" xsi:schemaLocation="http://www.loc.gov/METS/ http://www.loc.gov/standards/mets/mets.xsd">
 <metsHdr LASTMODDATE="2019-05-11T05:19:55">
  <agent ROLE="CUSTODIAN" TYPE="OTHER" OTHERTYPE="DSpace Archive">
   <name>123456789/0</name>
  </agent>
  <agent ROLE="CREATOR" TYPE="OTHER" OTHERTYPE="DSpace Software">
   <name>DSpace 6.4-SNAPSHOT</name>
  </agent>
 </metsHdr>
 <dmdSec ID="dmdSec_1">
  <mdWrap MDTYPE="MODS">
   <xmlData xmlns:mods="http://www.loc.gov/mods/v3" xmlns:xlink="http://www.w3.org/1999/xlink" xsi:schemaLocation="http://www.loc.gov/mods/v3 http://www.loc.gov/standards/mods/v3/mods-3-1.xsd"><mods:mods xmlns:mods="http://www.loc.gov/mods/v3" xmlns:xsi="http://www.w3.org/2001/XMLSchema-instance" xsi:schemaLocation="http://www.loc.gov/mods/v3 http://www.loc.gov/standards/mods/v3/mods-3-1.xsd">
  <mods:name>
    <mods:role>
      <mods:roleTerm type="text">author</mods:roleTerm>
    </mods:role>
    <mods:namePart>Lovecraft, Howard Phillips</mods:namePart>
  </mods:name>
  <mods:extension>
    <mods:dateAccessioned encoding="iso8601">2019-05-11T04:54:01Z</mods:dateAccessioned>
  </mods:extension>
  <mods:extension>
    <mods:dateAvailable encoding="iso8601">2019-05-11T04:54:01Z</mods:dateAvailable>
  </mods:extension>
  <mods:originInfo>
    <mods:dateIssued encoding="iso8601">1921</mods:dateIssued>
  </mods:originInfo>
  <mods:identifier type="uri">http://localhost:8080/xmlui/handle/123456789/36</mods:identifier>
  <mods:language>
    <mods:languageTerm authority="rfc3066">Português</mods:languageTerm>
  </mods:language>
  <mods:subject>
    <mods:topic>Kadath</mods:topic>
  </mods:subject>
  <mods:subject>
    <mods:topic>Ulthar</mods:topic>
  </mods:subject>
  <mods:subject>
    <mods:topic>Hatheg-Kla</mods:topic>
  </mods:subject>
  <mods:subject>
    <mods:topic>Barzai</mods:topic>
  </mods:subject>
  <mods:subject>
    <mods:topic>Rio Skai</mods:topic>
  </mods:subject>
  <mods:subject>
    <mods:topic>Atal</mods:topic>
  </mods:subject>
  <mods:subject>
    <mods:topic>Manuscritos Pnakóticos</mods:topic>
  </mods:subject>
  <mods:subject>
    <mods:topic>Outros Deuses</mods:topic>
  </mods:subject>
  <mods:subject>
    <mods:topic>Deuses Terrestres</mods:topic>
  </mods:subject>
  <mods:subject>
    <mods:topic>A Maldição de Sarnath</mods:topic>
  </mods:subject>
  <mods:subject>
    <mods:topic>Dream Cycle</mods:topic>
  </mods:subject>
  <mods:subject>
    <mods:topic>Sete Livros Crípticos da Terra</mods:topic>
  </mods:subject>
  <mods:titleInfo>
    <mods:title>Os Outros Deuses</mods:title>
  </mods:titleInfo>
  <mods:titleInfo type="alternative">
    <mods:title>The Other Gods</mods:title>
  </mods:titleInfo>
  <mods:genre>Contos</mods:genre>
</mods:mods></xmlData>
  </mdWrap>
 </dmdSec>
 <dmdSec ID="dmdSec_2">
  <mdWrap MDTYPE="OTHER" OTHERMDTYPE="DIM">
   <xmlData xmlns:dim="http://www.dspace.org/xmlns/dspace/dim"><dim:dim xmlns:dim="http://www.dspace.org/xmlns/dspace/dim" dspaceType="ITEM">
  <dim:field mdschema="dc" element="contributor" qualifier="author" lang="en_US">Lovecraft, Howard Phillips</dim:field>
  <dim:field mdschema="dc" element="date" qualifier="accessioned" lang="">2019-05-11T04:54:01Z</dim:field>
  <dim:field mdschema="dc" element="date" qualifier="available" lang="">2019-05-11T04:54:01Z</dim:field>
  <dim:field mdschema="dc" element="date" qualifier="issued" lang="">1921</dim:field>
  <dim:field mdschema="dc" element="identifier" qualifier="uri" lang="">http://localhost:8080/xmlui/handle/123456789/36</dim:field>
  <dim:field mdschema="dc" element="description" qualifier="provenance" lang="en">Submitted by Gerusa Fernandes da Costa (jumadacosta2402@gmail.com) on 2019-05-11T04:54:01Z&#xD;
No. of bitstreams: 1&#xD;
Os Outros Deuses.pdf: 89473 bytes, checksum: 88e21652afe8eb64216c5c128c804a26 (MD5)</dim:field>
  <dim:field mdschema="dc" element="description" qualifier="provenance" lang="en">Made available in DSpace on 2019-05-11T04:54:01Z (GMT). No. of bitstreams: 1&#xD;
Os Outros Deuses.pdf: 89473 bytes, checksum: 88e21652afe8eb64216c5c128c804a26 (MD5)&#xD;
  Previous issue date: 1921</dim:field>
  <dim:field mdschema="dc" element="language" qualifier="iso" lang="pt_BR">Português</dim:field>
  <dim:field mdschema="dc" element="subject" lang="">Kadath</dim:field>
  <dim:field mdschema="dc" element="subject" lang="">Ulthar</dim:field>
  <dim:field mdschema="dc" element="subject" lang="">Hatheg-Kla</dim:field>
  <dim:field mdschema="dc" element="subject" lang="">Barzai</dim:field>
  <dim:field mdschema="dc" element="subject" lang="">Rio Skai</dim:field>
  <dim:field mdschema="dc" element="subject" lang="">Atal</dim:field>
  <dim:field mdschema="dc" element="subject" lang="pt_BR">Manuscritos Pnakóticos</dim:field>
  <dim:field mdschema="dc" element="subject" lang="pt_BR">Outros Deuses</dim:field>
  <dim:field mdschema="dc" element="subject" lang="pt_BR">Deuses Terrestres</dim:field>
  <dim:field mdschema="dc" element="subject" lang="pt_BR">A Maldição de Sarnath</dim:field>
  <dim:field mdschema="dc" element="subject" lang="pt_BR">Dream Cycle</dim:field>
  <dim:field mdschema="dc" element="subject" lang="pt_BR">Sete Livros Crípticos da Terra</dim:field>
  <dim:field mdschema="dc" element="title" lang="pt_BR">Os Outros Deuses</dim:field>
  <dim:field mdschema="dc" element="title" qualifier="alternative" lang="en_US">The Other Gods</dim:field>
  <dim:field mdschema="dc" element="type" lang="pt_BR">Contos</dim:field>
</dim:dim></xmlData>
  </mdWrap>
 </dmdSec>
 <amdSec ID="amd_3">
  <rightsMD ID="rightsMD_6">
   <mdRef LOCTYPE="URL" xlink:type="simple" xlink:href="bitstream_50a2f77c-0be8-40df-b4a8-8b278f8fabe2" MDTYPE="OTHER" OTHERMDTYPE="DSpaceDepositLicense" MIMETYPE="text/plain"/>
  </rightsMD>
  <rightsMD ID="rightsMD_9">
   <mdWrap MDTYPE="OTHER" OTHERMDTYPE="METSRIGHTS">
    <xmlData xmlns:rights="http://cosimo.stanford.edu/sdr/metsrights/" xsi:schemaLocation="http://cosimo.stanford.edu/sdr/metsrights/ http://cosimo.stanford.edu/sdr/metsrights.xsd"><rights:RightsDeclarationMD xmlns:rights="http://cosimo.stanford.edu/sdr/metsrights/" RIGHTSCATEGORY="LICENSED">
  <rights:Context in-effect="true" CONTEXTCLASS="GENERAL PUBLIC">
    <rights:Permissions DISCOVER="true" DISPLAY="true" MODIFY="false" DELETE="false" />
  </rights:Context>
</rights:RightsDeclarationMD></xmlData>
   </mdWrap>
  </rightsMD>
  <sourceMD ID="sourceMD_10">
   <mdWrap MDTYPE="OTHER" OTHERMDTYPE="AIP-TECHMD">
    <xmlData xmlns:dim="http://www.dspace.org/xmlns/dspace/dim"><dim:dim xmlns:dim="http://www.dspace.org/xmlns/dspace/dim" dspaceType="ITEM">
  <dim:field mdschema="dc" element="creator">jumadacosta2402@gmail.com</dim:field>
  <dim:field mdschema="dc" element="identifier" qualifier="uri">hdl:123456789/36</dim:field>
  <dim:field mdschema="dc" element="relation" qualifier="isPartOf">hdl:123456789/2</dim:field>
</dim:dim></xmlData>
   </mdWrap>
  </sourceMD>
 </amdSec>
 <amdSec ID="amd_13">
  <rightsMD ID="rightsMD_19">
   <mdWrap MDTYPE="OTHER" OTHERMDTYPE="METSRIGHTS">
    <xmlData xmlns:rights="http://cosimo.stanford.edu/sdr/metsrights/" xsi:schemaLocation="http://cosimo.stanford.edu/sdr/metsrights/ http://cosimo.stanford.edu/sdr/metsrights.xsd"><rights:RightsDeclarationMD xmlns:rights="http://cosimo.stanford.edu/sdr/metsrights/" RIGHTSCATEGORY="LICENSED">
  <rights:Context in-effect="true" CONTEXTCLASS="GENERAL PUBLIC">
    <rights:Permissions DISCOVER="true" DISPLAY="true" MODIFY="false" DELETE="false" />
  </rights:Context>
</rights:RightsDeclarationMD></xmlData>
   </mdWrap>
  </rightsMD>
 </amdSec>
 <amdSec ID="amd_22">
  <techMD ID="techMD_23">
   <mdWrap MDTYPE="PREMIS">
    <xmlData xmlns:premis="http://www.loc.gov/standards/premis" xsi:schemaLocation="http://www.loc.gov/standards/premis http://www.loc.gov/standards/premis/PREMIS-v1-0.xsd"><premis:premis xmlns:premis="http://www.loc.gov/standards/premis">
  <premis:object>
    <premis:objectIdentifier>
      <premis:objectIdentifierType>URL</premis:objectIdentifierType>
      <premis:objectIdentifierValue>http://localhost:8080/xmlui/bitstream/123456789%2F36/1/Os+Outros+Deuses.pdf</premis:objectIdentifierValue>
    </premis:objectIdentifier>
    <premis:objectCategory>File</premis:objectCategory>
    <premis:objectCharacteristics>
      <premis:fixity>
        <premis:messageDigestAlgorithm>MD5</premis:messageDigestAlgorithm>
        <premis:messageDigest>88e21652afe8eb64216c5c128c804a26</premis:messageDigest>
      </premis:fixity>
      <premis:size>89473</premis:size>
      <premis:format>
        <premis:formatDesignation>
          <premis:formatName>application/pdf</premis:formatName>
        </premis:formatDesignation>
      </premis:format>
    </premis:objectCharacteristics>
    <premis:originalName>Os Outros Deuses.pdf</premis:originalName>
  </premis:object>
</premis:premis></xmlData>
   </mdWrap>
  </techMD>
  <rightsMD ID="rightsMD_28">
   <mdWrap MDTYPE="OTHER" OTHERMDTYPE="METSRIGHTS">
    <xmlData xmlns:rights="http://cosimo.stanford.edu/sdr/metsrights/" xsi:schemaLocation="http://cosimo.stanford.edu/sdr/metsrights/ http://cosimo.stanford.edu/sdr/metsrights.xsd"><rights:RightsDeclarationMD xmlns:rights="http://cosimo.stanford.edu/sdr/metsrights/" RIGHTSCATEGORY="LICENSED">
  <rights:Context in-effect="true" CONTEXTCLASS="GENERAL PUBLIC">
    <rights:Permissions DISCOVER="true" DISPLAY="true" MODIFY="false" DELETE="false" />
  </rights:Context>
</rights:RightsDeclarationMD></xmlData>
   </mdWrap>
  </rightsMD>
  <sourceMD ID="sourceMD_29">
   <mdWrap MDTYPE="OTHER" OTHERMDTYPE="AIP-TECHMD">
    <xmlData xmlns:dim="http://www.dspace.org/xmlns/dspace/dim"><dim:dim xmlns:dim="http://www.dspace.org/xmlns/dspace/dim" dspaceType="BITSTREAM">
  <dim:field mdschema="dc" element="title">Os Outros Deuses.pdf</dim:field>
  <dim:field mdschema="dc" element="title" qualifier="alternative">Os Outros Deuses.pdf</dim:field>
  <dim:field mdschema="dc" element="description">No topo do mais alto dos picos terrestres habitam os deuses da terra, e homem algum ouse dizer que os viu.</dim:field>
  <dim:field mdschema="dc" element="format" qualifier="medium">Adobe PDF</dim:field>
  <dim:field mdschema="dc" element="format" qualifier="mimetype">application/pdf</dim:field>
  <dim:field mdschema="dc" element="format" qualifier="supportlevel">KNOWN</dim:field>
  <dim:field mdschema="dc" element="format" qualifier="internal">false</dim:field>
</dim:dim></xmlData>
   </mdWrap>
  </sourceMD>
 </amdSec>
 <amdSec ID="amd_30">
  <rightsMD ID="rightsMD_36">
   <mdWrap MDTYPE="OTHER" OTHERMDTYPE="METSRIGHTS">
    <xmlData xmlns:rights="http://cosimo.stanford.edu/sdr/metsrights/" xsi:schemaLocation="http://cosimo.stanford.edu/sdr/metsrights/ http://cosimo.stanford.edu/sdr/metsrights.xsd"><rights:RightsDeclarationMD xmlns:rights="http://cosimo.stanford.edu/sdr/metsrights/" RIGHTSCATEGORY="LICENSED">
  <rights:Context in-effect="true" CONTEXTCLASS="GENERAL PUBLIC">
    <rights:Permissions DISCOVER="true" DISPLAY="true" MODIFY="false" DELETE="false" />
  </rights:Context>
</rights:RightsDeclarationMD></xmlData>
   </mdWrap>
  </rightsMD>
 </amdSec>
 <amdSec ID="amd_38">
  <techMD ID="techMD_39">
   <mdWrap MDTYPE="PREMIS">
    <xmlData xmlns:premis="http://www.loc.gov/standards/premis" xsi:schemaLocation="http://www.loc.gov/standards/premis http://www.loc.gov/standards/premis/PREMIS-v1-0.xsd"><premis:premis xmlns:premis="http://www.loc.gov/standards/premis">
  <premis:object>
    <premis:objectIdentifier>
      <premis:objectIdentifierType>URL</premis:objectIdentifierType>
      <premis:objectIdentifierValue>http://localhost:8080/xmlui/bitstream/123456789%2F36/2/license.txt</premis:objectIdentifierValue>
    </premis:objectIdentifier>
    <premis:objectCategory>File</premis:objectCategory>
    <premis:objectCharacteristics>
      <premis:fixity>
        <premis:messageDigestAlgorithm>MD5</premis:messageDigestAlgorithm>
        <premis:messageDigest>8a4605be74aa9ea9d79846c1fba20a33</premis:messageDigest>
      </premis:fixity>
      <premis:size>1748</premis:size>
      <premis:format>
        <premis:formatDesignation>
          <premis:formatName>text/plain; charset=utf-8</premis:formatName>
        </premis:formatDesignation>
      </premis:format>
    </premis:objectCharacteristics>
    <premis:originalName>license.txt</premis:originalName>
  </premis:object>
</premis:premis></xmlData>
   </mdWrap>
  </techMD>
  <rightsMD ID="rightsMD_44">
   <mdWrap MDTYPE="OTHER" OTHERMDTYPE="METSRIGHTS">
    <xmlData xmlns:rights="http://cosimo.stanford.edu/sdr/metsrights/" xsi:schemaLocation="http://cosimo.stanford.edu/sdr/metsrights/ http://cosimo.stanford.edu/sdr/metsrights.xsd"><rights:RightsDeclarationMD xmlns:rights="http://cosimo.stanford.edu/sdr/metsrights/" RIGHTSCATEGORY="LICENSED">
  <rights:Context in-effect="true" CONTEXTCLASS="GENERAL PUBLIC">
    <rights:Permissions DISCOVER="true" DISPLAY="true" MODIFY="false" DELETE="false" />
  </rights:Context>
</rights:RightsDeclarationMD></xmlData>
   </mdWrap>
  </rightsMD>
  <sourceMD ID="sourceMD_45">
   <mdWrap MDTYPE="OTHER" OTHERMDTYPE="AIP-TECHMD">
    <xmlData xmlns:dim="http://www.dspace.org/xmlns/dspace/dim"><dim:dim xmlns:dim="http://www.dspace.org/xmlns/dspace/dim" dspaceType="BITSTREAM">
  <dim:field mdschema="dc" element="title">license.txt</dim:field>
  <dim:field mdschema="dc" element="title" qualifier="alternative">Written by org.dspace.content.LicenseUtils</dim:field>
  <dim:field mdschema="dc" element="format" qualifier="medium">License</dim:field>
  <dim:field mdschema="dc" element="format" qualifier="mimetype">text/plain; charset=utf-8</dim:field>
  <dim:field mdschema="dc" element="format" qualifier="supportlevel">KNOWN</dim:field>
  <dim:field mdschema="dc" element="format" qualifier="internal">true</dim:field>
</dim:dim></xmlData>
   </mdWrap>
  </sourceMD>
 </amdSec>
 <amdSec ID="amd_46">
  <rightsMD ID="rightsMD_52">
   <mdWrap MDTYPE="OTHER" OTHERMDTYPE="METSRIGHTS">
    <xmlData xmlns:rights="http://cosimo.stanford.edu/sdr/metsrights/" xsi:schemaLocation="http://cosimo.stanford.edu/sdr/metsrights/ http://cosimo.stanford.edu/sdr/metsrights.xsd"><rights:RightsDeclarationMD xmlns:rights="http://cosimo.stanford.edu/sdr/metsrights/" RIGHTSCATEGORY="LICENSED">
  <rights:Context in-effect="true" CONTEXTCLASS="GENERAL PUBLIC">
    <rights:Permissions DISCOVER="true" DISPLAY="true" MODIFY="false" DELETE="false" />
  </rights:Context>
</rights:RightsDeclarationMD></xmlData>
   </mdWrap>
  </rightsMD>
 </amdSec>
 <amdSec ID="amd_54">
  <techMD ID="techMD_55">
   <mdWrap MDTYPE="PREMIS">
    <xmlData xmlns:premis="http://www.loc.gov/standards/premis" xsi:schemaLocation="http://www.loc.gov/standards/premis http://www.loc.gov/standards/premis/PREMIS-v1-0.xsd"><premis:premis xmlns:premis="http://www.loc.gov/standards/premis">
  <premis:object>
    <premis:objectIdentifier>
      <premis:objectIdentifierType>URL</premis:objectIdentifierType>
      <premis:objectIdentifierValue>http://localhost:8080/xmlui/bitstream/123456789%2F36/4/othergods1.png</premis:objectIdentifierValue>
    </premis:objectIdentifier>
    <premis:objectCategory>File</premis:objectCategory>
    <premis:objectCharacteristics>
      <premis:fixity>
        <premis:messageDigestAlgorithm>MD5</premis:messageDigestAlgorithm>
        <premis:messageDigest>2d3b1c6937b2f1992f4849f5eb1c2408</premis:messageDigest>
      </premis:fixity>
      <premis:size>564832</premis:size>
      <premis:format>
        <premis:formatDesignation>
          <premis:formatName>image/png</premis:formatName>
        </premis:formatDesignation>
      </premis:format>
    </premis:objectCharacteristics>
    <premis:originalName>othergods1.png</premis:originalName>
  </premis:object>
</premis:premis></xmlData>
   </mdWrap>
  </techMD>
  <rightsMD ID="rightsMD_60">
   <mdWrap MDTYPE="OTHER" OTHERMDTYPE="METSRIGHTS">
    <xmlData xmlns:rights="http://cosimo.stanford.edu/sdr/metsrights/" xsi:schemaLocation="http://cosimo.stanford.edu/sdr/metsrights/ http://cosimo.stanford.edu/sdr/metsrights.xsd"><rights:RightsDeclarationMD xmlns:rights="http://cosimo.stanford.edu/sdr/metsrights/" RIGHTSCATEGORY="LICENSED">
  <rights:Context in-effect="true" CONTEXTCLASS="GENERAL PUBLIC">
    <rights:Permissions DISCOVER="true" DISPLAY="true" MODIFY="false" DELETE="false" />
  </rights:Context>
</rights:RightsDeclarationMD></xmlData>
   </mdWrap>
  </rightsMD>
  <sourceMD ID="sourceMD_61">
   <mdWrap MDTYPE="OTHER" OTHERMDTYPE="AIP-TECHMD">
    <xmlData xmlns:dim="http://www.dspace.org/xmlns/dspace/dim"><dim:dim xmlns:dim="http://www.dspace.org/xmlns/dspace/dim" dspaceType="BITSTREAM">
  <dim:field mdschema="dc" element="title">othergods1.png</dim:field>
  <dim:field mdschema="dc" element="title" qualifier="alternative">othergods1.png</dim:field>
  <dim:field mdschema="dc" element="description" />
  <dim:field mdschema="dc" element="format" qualifier="medium">image/png</dim:field>
  <dim:field mdschema="dc" element="format" qualifier="mimetype">image/png</dim:field>
  <dim:field mdschema="dc" element="format" qualifier="supportlevel">KNOWN</dim:field>
  <dim:field mdschema="dc" element="format" qualifier="internal">false</dim:field>
</dim:dim></xmlData>
   </mdWrap>
  </sourceMD>
 </amdSec>
 <fileSec>
  <fileGrp ADMID="amd_13" USE="ORIGINAL">
   <file ID="bitstream_1" MIMETYPE="application/pdf" SEQ="1" SIZE="89473" CHECKSUM="88e21652afe8eb64216c5c128c804a26" CHECKSUMTYPE="MD5" ADMID="amd_22" GROUPID="GROUP_bitstream_1">
    <FLocat LOCTYPE="URL" xlink:type="simple" xlink:href="bitstream_fc5695c2-0c62-4967-a5f5-513172f8d0bb.pdf"/>
   </file>
  </fileGrp>
  <fileGrp ADMID="amd_30" USE="LICENSE">
   <file ID="bitstream_2" MIMETYPE="text/plain; charset=utf-8" SEQ="2" SIZE="1748" CHECKSUM="8a4605be74aa9ea9d79846c1fba20a33" CHECKSUMTYPE="MD5" ADMID="amd_38" GROUPID="GROUP_bitstream_2">
    <FLocat LOCTYPE="URL" xlink:type="simple" xlink:href="bitstream_50a2f77c-0be8-40df-b4a8-8b278f8fabe2"/>
   </file>
  </fileGrp>
  <fileGrp ADMID="amd_46" USE="THUMBNAIL">
   <file ID="bitstream_4" MIMETYPE="image/png" SEQ="4" SIZE="564832" CHECKSUM="2d3b1c6937b2f1992f4849f5eb1c2408" CHECKSUMTYPE="MD5" ADMID="amd_54" GROUPID="GROUP_bitstream_4">
    <FLocat LOCTYPE="URL" xlink:type="simple" xlink:href="bitstream_56f4ba2c-4980-46b3-a26b-90e196bb1a3a.png"/>
   </file>
  </fileGrp>
 </fileSec>
 <structMap ID="struct_11" LABEL="DSpace Object" TYPE="LOGICAL">
  <div ID="div_12" DMDID="dmdSec_1 dmdSec_2" ADMID="amd_3" TYPE="DSpace Object Contents">
   <div ID="div_21" TYPE="DSpace BITSTREAM">
    <fptr FILEID="bitstream_1"/>
   </div>
  </div>
 </structMap>
 <structMap ID="struct_62" LABEL="Parent" TYPE="LOGICAL">
  <div ID="div_63" LABEL="Parent of this DSpace Object" TYPE="AIP Parent Link">
   <mptr ID="mptr_64" LOCTYPE="HANDLE" xlink:type="simple" xlink:href="123456789/2"/>
  </div>
 </structMap>
</mets>
